Apoptosis,,Cholesterol_Homeostasis,,IL2_STAT5_Signalling,,IL6_JAK_STAT3_Signalling,,PI3K_AKT_MTOR_Signalling,,Breg,,FO_B.cells_vs_Early.GC.B.cells,GSE12366_NAIVE_VS_MEMORY_BCELL_DN,GSE12366_NAIVE_VS_MEMORY_BCELL_UP,GSE12366_PLASMA_CELL_VS_MEMORY_BCELL_UP,GSE12366_GC_VS_NAIVE_BCELL_UP,GSE12366_GC_VS_NAIVE_BCELL_DN,GSE13411_NAIVE_VS_MEMORY_BCELL_UP,GSE4142_NAIVE_VS_MEMORY_BCELL_DN,GSE4142_GC_BCELL_VS_MEMORY_BCELL_UP,Bmem,Switched_Bmem,GSE22886_IGM_MEMORY_BCELL_VS_BLOOD_PLASMA_CELL_UP,GSE13411_IGM_MEMORY_BCELL_VS_PLASMA_CELL_UP,GSE13411_NAIVE_VS_MEMORY_BCELL_UP,GSE4142_NAIVE_VS_MEMORY_BCELL_DN,E1_B220neg_vs_pos,WT_B220neg_vs_pos,B220neg_E1_vs_WT,GSE32901_NAIVE_VS_TH17_ENRICHED_CD4_TCELL_UP,GSE32901_NAIVE_VS_TH17_ENRICHED_CD4_TCELL_DN,GSE37301_HEMATOPOIETIC_STEM_CELL_VS_CD4_TCELL_UP,GSE37301_HEMATOPOIETIC_STEM_CELL_VS_PRO_BCELL_UP,GSE37301_HEMATOPOIETIC_STEM_CELL_VS_COMMON_LYMPHOID_PROGENITOR_UP,GSE37301_HEMATOPOIETIC_STEM_CELL_VS_GRAN_MONO_PROGENITOR_UP,GSE37301_HEMATOPOIETIC_STEM_CELL_VS_MULTIPOTENT_PROGENITOR_UP
DD1,,ABCA2,,ADAM19,,A2M,,ACACA,,FCRL5,,ABCF3,ABCA6,ABCB1,ABCC4,AAMP,ABCA17P,ABCA6,AADAC,ABLIM1,PLEKHA5,APOE,ABCA12,ABCD4,ABCA6,AADAC,GATA2,FRAS1,GZMA,ABLIM1,ABI1,ABHD4,ABI2,AATF,ADAR,AAK1
AIFM3,,ACAT2,,AGER,,ACVR1B,,ACTR2,,CD300LF,,AGO3,ACSL1,ABCB4,ABCG8,ABHD8,ABCB1,ADAM7,AATK,ACAA1,B930046C15R,FCMR,ADAMTSL3,AGO1,ADAM7,AATK,PRSS34,TRIM40,CD209A,ADD3,ACAP3,ADAP1,ACSBG2,ACTL7A,ANKRD12,ABCB4
ANKH,,ACSS2,,AHCY,,ACVRL1,,ACTR3,,CCR1,,ANKFY1,AFDN,AC008663.2,ABHD12,ACTR2,ABCB4,ADAMTS5,ACOT8,ADAM19,MAPK12,H2-EB1,AHNAK2,AIM2,ADAMTS5,ACOT8,HGF,CLMN,PLG,ADGRE5,ACOT7,ADGRE1,ADAM12,ACTR6,APOA2,ABCB9
ANXA1,,ACTG1,,AHNAK,,BAK1,,ADCY2,,PTPN22,,ANPEP,AHNAK,AC025431.1,ABHD8,AK3,AC093642.2,ADAMTS6,ADAMTS8,ADAMTSL2,BC042396,FOXP1,ALDH1A3,AKAP10,ADAMTS6,ADAMTS8,ALOX15,WNT16,KLRE1,ADH7,ACSL4,AGO2,ADRB3,ADAM30,ARHGAP18,ABCD3
APP,,ADH4,,AHR,,CBL,,AKT1,,CD9,,APC,ALOX5AP,ADAMTSL2,ALG10,ANAPC15,ADAM28,ADARB2,ADCY5,ALDH1A3,IL18R1,IFI27L2A,ALK,ALOX5,ADARB2,ADCY5,CCL9,CYP11A1,KLRI2,AMFR,ADAMTS6,AKT1,AKAP17A,ADGRL4,ARMC5,ACRV1
ATF3,,ALCAM,,ALCAM,,CCL7,,AKT1S1,,CSF2RB,,ARHGEF10,ANTXR2,ADGRG3,ALG14,ANP32B,ADAM8,ADCY10,ALDOAP2,ALDOAP2,IL7R,ZBTB32,ANKH,ALOX5AP,ADCY10,ALDOAP2,CYP11A1,ATP6V1C2,KLRA14,AMH,ADCY6,ALOX5,ANKRD40,AFF4,ATP10A,ACSL1
AVPR1A,,ALDOC,,AMACR,,CCR1,,AP2M1,,S100A6,,ATP6V0B,ANXA2,ADPRM,ALG2,ANP32E,ANKRD11,ADH7,ALG3,ARL4C,APOE,DNAJC7,ANOS1,AMFR,ADH7,ALG3,SLC7A8,EPHB4,SIGLEC5,ANKRD7,ADI1,ANKRD55,ANKRD40CL,AHSG,BCL9,ADAD1
BAX,,ANTXR2,,ANXA4,,CD14,,ARF1,,PLAC8,,AVPR1A,APH1B,AFF1,ANO8,AP3S2,ANTXR2,AFF4,ALOX15B,ATF7IP,SEMA4F,MZB1,APP,ANO3,AFF4,ALOX15B,FCER1A,RAB3B,NCR1,AQP11,AGPS,ANLN,ANKRD46,ALB,BDKRB2,ADIPOR1
BCAP31,,ANXA13,,APLP1,,CD36,,ARHGDIA,,CCND2,,B3GAT3,ARL2BP,ALDH1A2,AP3D1,APOM,APPL1,AKR1C3,AMPD2,ATG16L1,POU6F1,PLAC8,ART1,APOH,AKR1C3,AMPD2,LAMA5,ARHGAP20,GZMB,ATAD2B,ALDH18A1,ANXA2,ANP32C,ANGPTL8,CAMKK2,ADPRS
BCL10,,ANXA5,,ARL4A,,CD38,,ARPC3,,C130026L21RIK,,B3GNT9,ARNTL,AP1B1,APBA2,ARHGEF9,ARAP2,ANKRD1,ANGEL1,ATP6V0D1,PRKCZ,CYBB,ATAD2B,ARHGAP17,ANKRD1,ANGEL1,MCPT8,FCER1A,H2-M2,ATP6V0E2,AMMECR1,ARAP1,AOAH,APOH,CASP6,AHI1
BCL2L1,,ATF3,,BATF,,CD44,,ATF1,,ZBTB20,,B3GNTL1,ARSA,APLP2,APOA1,ARL2BP,ARHGAP15,ANKRD36BP2,APEX1,BARX1,EBI2,NFATC1,ATP6V0E2,ARHGAP24,ANKRD36BP2,APEX1,CSF2RB2,TNFSF4,KLRA8,AXIN2,AP3S1,ARHGAP19,ARF3,APOL1,CBR3,AMOTL2
BCL2L10,,ATF5,,BATF3,,CD9,,CAB39,,RILPL2,,BABAM2,ASCL2,ARHGEF10,APOM,ASB13,ARHGAP27,ANO2,AQP7,BBS9,USP48,PLD4,BANK1,ARHGAP25,ANO2,AQP7,MS4A2,KLHL13,KLRC2,B3GALT5,ARF4,ARHGAP26,ARHGAP26,ARF3,CBX1,APOBEC1
BCL2L11,,ATXN2,,BCL2,,CNTFR,,CAB39L,,APOE,,BANK1,ATP2B4,ARHGEF5,ATP2A2,ASF1B,AUTS2,AP4E1,ARSG,BLOC1S6,FCGR2B,PTPN22,BRD3,ARHGEF6,AP4E1,ARSG,CD200R3,CAMK2N1,PRF1,BCL11B,ATF6,ASNS,ASMTL,ARMC1,CCR8,ARMC1
BCL2L2,,AVPR1A,,BCL2L1,,CRLF2,,CALR,,SP140,,BIRC2,ATXN1,ARPC4,AVPI1,ASPH,BMI1,APOA2,ASB18,BMP10,,CD9,BRWD1,ARHGEF7,APOA2,ASB18,IFITM1,GRAMD2,CD163,BTC,ATL2,ATP2A3,ATAD2B,ARNTL,CD200,ASH2L
BGN,,CBS,,BHLHE40,,CSF1,,CAMK4,,SLC7A7,,BOD1L1,BHLHE41,ATP6V0A1,B3GNT2,ATP5MG,BTLA,ARHGAP44,ASIC1,BSDC1,,CCDC28B,BTG1,ARL2,ARHGAP44,ASIC1,CCL6,HES3,CCL5,C16orf54,ATRX,BCL2L1,ATP10D,ATAD2,CD38,ATP9A
BID,,CD9,,BMP2,,CSF2,,CDK1,,RPLP0,,BRWD1,BMPR1A,BACH2,BTG2,ATP6V1A,BTN3A1,ART4,ASPA,BST1,,RASSF4,BTNL8,ARL4C,ART4,ASPA,IL1RL1,ADM,KLRA9,C2orf42,BCL2L1,BHLHE41,ATP6V0D1,AUNIP,CD5,AURKB
BIK,,CHKA,,BMPR2,,CSF2RA,,CDK2,,PDIA4,,BSDC1,BTNL9,BATF2,C15orf61,AZIN1,BTN3A2,ASGR2,ATP2A2,C16orf54,,AC133103.1,C16orf72,ASH2L,ASGR2,ATP2A2,ETL4,1810046K07RIK,KLRA7,CACNA1I,BCL2L14,BLVRB,ATP8B4,BARX2,CD6,B4GALT6
BIRC3,,CLU,,CA2,,CSF2RB,,CDK4,,CCDC28B,,BSPRY,C1RL,BIRC3,C2orf88,BAIAP2L1,BTN3A3,B9D2,ATXN10,C19orf12,,,C2CD3,ATAD2B,B9D2,ATXN10,IER3,KRT8,KLRB1A,CALHM6,BORCS5,C1orf54,BAIAP2L2,BNC1,CDK5R1,BLK
BMF,,CPEB2,,CAPG,,CSF3R,,CDKN1A,,MZB1,,C15orf61,C3orf14,BRS3,CBX4,BCAR3,CAMK1D,BBS9,BARX1,C1QTNF7,,,CA1,ATP6V0E2,BBS9,BARX1,IL6,TPPP,IQGAP2,CCDC117,C1orf54,C3,BCKDHB,BRIX1,CEBPZ,BMPR1A
BMP2,,CTNNB1,,CAPN3,,CXCL1,,CDKN1B,,,,C16orf70,CALHM2,C16orf74,CCDC14,BCAS4,CASP1,BCO1,BOLA3,C5orf34,,,CBFA2T2,ATP8A1,BCO1,BOLA3,C3AR1,B4GALT6,IL18RAP,CCNL1,CAMK4,CAMP,BCL7C,BZW1,CEP152,BTC
BNIP3L,,CXCL16,,CASP3,,CXCL10,,CFL1,,,,C19orf48,CALM2,C1orf53,CCDC88A,BCL6,CAST,BGN,BTG4,CALU,,,CBX7,AUTS2,BGN,BTG4,CCL3,CD200R3,EOMES,CCS,CAPN2,CASP4,BGN,C15orf39,CEP97,BTF3L4
BRCA1,,CYP51A1,,CCND2,,CXCL11,,CLTC,,,,C1QTNF12,CAPN2,CAMK2D,CCNC,BIK,CBX7,BHLHE40,C11orf97,CCDC183,,,CCDC144A,B4GALT5,BHLHE40,C11orf97,CEBPA,CPA3,APOL7C,CD96,CASP8,CCDC50,BIN1,C1GALT1C1,CHST15,C16orf89
BTG2,,DHCR7,,CCND3,,CXCL13,,CSNK2B,,,,CAPN15,CBWD1,CCN6,CCPG1,BTF3,CCDC50,BRINP2,C1orf52,CCDC185,,,CD2,BACE2,BRINP2,C1orf52,GP49A,PIGR,SYTL3,CDIPT,CCDC18,CCL5,BRMS1,C1QL1,CNPY3,C1QBP
BTG3,,EBP,,CCNE1,,CXCL3,,CXCR4,,,,CBFA2T3,CCDC126,CD1A,CDH19,BUB1B,CCR6,C3orf52,C21orf58,CCNDBP1,,,CD74,BACH2,C3orf52,C21orf58,WIPF3,TMC3,KLRD1,CDK5RAP3,CCDC50,CCNA2,C1orf159,CACNA1H,CROT,C9orf85
CASP1,,ECH1,,CCR4,,CXCL9,,DAPP1,,,,CCDC181,CCDC141,CD200,CDK2AP2,C2orf88,CD46,CADM4,C2orf72,CCR5,,,CD82,BPTF,CADM4,C2orf72,PTGS2,FAM179A,CD7,CLK1,CCR7,CCNB2,CA3,CASP1,CTLA4,CA1
CASP2,,ERRFI1,,CD44,,DNTT,,DDIT3,,,,CCDC58,CCDC85C,CD72,CDR2,CALM2,CD47,CAMK2A,C3orf33,CD2AP,,,CDC42EP1,BTN2A1,CAMK2A,C3orf33,ALOX5,PRSS23,ITGA2,CLK4,CD24,CCNF,CACNA2D3,CD2,CYP51A1,CACNG1
CASP3,,ETHE1,,CD48,,EBI3,,DUSP3,,,,CCDC9,CCR1,CD79B,CDRT4,CASP3,CD55,CASK,C5orf46,CFH,,,CDC42SE1,C14orf132,CASK,C5orf46,GPR97,DMXL2,IL1RL1,CMAHP,CD38,CCR2,CCL20,CD247,DCTN4,CALR
CASP4,,FABP5,,CD79B,,FAS,,E2F1,,,,CCNT2,CD2,CD83,CDSN,CBWD1,CD63,CCDC82,CCDC138,CHD7,,,CEP85,CAPG,CCDC82,CCDC138,PTPLAD2,SV2C,CCL9,CNGA1,CD69,CD274,CCR1,CD40LG,DDX23,CAPN2
CASP6,,FADS2,,CD81,,GRB2,,ECSIT,,,,CD22,CD27,CEACAM7,CDX1,CCDC167,CD69,CCT8L2,CCDC153,CHRDL2,,,CLCA1,CCDC92,CCT8L2,CCDC153,CPA3,PSTPIP2,KLRK1,CNOT4,CD79A,CD300LF,CCZ1B,CD59,DGKZ,CCL17
CASP7,,FASN,,CD83,,HAX1,,EGFR,,,,CD40,CD58,CEP85L,CFAP54,CCNB2,CD72,CD40,CCT3,CLCA2,,,CLDN7,CD19,CD40,CCT3,TBC1D4,SLC2A10,SAMD3,CPA3,CDKN1A,CD44,CD40LG,CDC23,DHRS3,CDR2L
CASP8,,FBXO6,,CD86,,HMOX1,,EIF4E,,,,CD69,CD80,CEPT1,CHPF2,CCNE1,CD83,CD72,CD99L2,CLEC16A,,,CLDN8,CD22,CD72,CD99L2,CD63,F11R,GM8221,CPEB1,CDYL2,CD68,CD59,CDC27,DNMT3A,CELF2
CASP9,,FDFT1,,CDC42SE2,,IFNAR1,,FASLG,,,,CDH22,CD81,CHPT1,CHST12,CD38,CEACAM1,CD8B,CDC25A,CNST,,,CLEC4E,CD72,CD8B,CDC25A,GFRA2,TNFRSF8,GP49A,CRLF3,CHD1,CD80,CDC27,CDCA3,DUSP1,CES1
CAV1,,FDPS,,CDC6,,IFNGR1,,FGF17,,,,CELF3,CD82,CLIP3,CLDN9,CD81,CFAP97,CDADC1,CDCP1,COMMD8,,,CNR2,CD74,CDADC1,CDCP1,RAB44,AI414108,WDR95,CXXC4,CLTC,CD83,CDC42EP2,CDK5R1,DUSP6,CHRNA7
CCNA1,,GLDC,,CDCP1,,IFNGR2,,FGF22,,,,CEP63,CDC42EP3,CRIP3,CLINT1,CDCA4,CHD1,CEACAM8,CENPH,COQ8A,,,CNTN2,CEP72,CEACAM8,CENPH,SLC6A4,SYT7,MMP12,CYP26B1,DAPK1,CDC25C,CENPQ,CEBPD,E2F8,CIT
CCND1,,GNAI1,,CDKN1C,,IL10RB,,FGF6,,,,CERS4,CDC42SE2,CRY1,CNPY2,CDCA5,CHD2,CEP112,CFAP299,CPNE1,,,COL1A1,CHD1,CEP112,CFAP299,PRG2,ANKS1B,C3AR1,CYTIP,DDX6,CDK6,CENPS,CERNA1,EMC3,CPT2
CCND2,,GPX8,,CISH,,IL12RB1,,GNA14,,,,CFAP161,CDKN2C,CYFIP2,COL13A1,CDCA7,CHD7,CEP162,CFH,CREBL2,,,COLEC11,CHD9,CEP162,CFH,ITGA1,CACNG5,TMEM56,DAPL1,DGAT1,CELSR1,CFHR4,CLN3,EOMES,CRX
CD14,,GSTM2,,CKAP4,,IL13RA1,,GNGT1,,,,CFAP251,CEBPG,DDHD1,COPB2,CENPE,CHKB,CHI3L1,CLCC1,CSNK1E,,,CR2,CLK2,CHI3L1,CLCC1,NHSL2,KNDC1,FLT3,DCP1B,DGKH,CENPE,CFLAR,CNPY4,EPHX1,CSF3R
CD2,,GUSB,,COCH,,IL15RA,,GRB2,,,,CHD7,CIDEB,DDIT3,COPZ1,CENPM,CHML,CHN2,CLGN,CTSE,,,CRYBG1,CNTRL,CHN2,CLGN,CD300E,PDZD7,ZFP704,DEAF1,DNAJB9,CFB,CHKA,COPE,EWSR1,CYTH3
CD38,,HMGCR,,COL6A1,,IL17RA,,GRK2,,,,CIB1,CISD3,DEF8,COPZ2,CEP152,CISH,CHST5,CLPS,CYSLTR2,,,CSF1,COQ8A,CHST5,CLPS,ALOX8,ZBTB32,ARL4C,DRD2,DNM1L,CFP,CLDN15,CPNE6,FAM53B,D2HGDH
CD44,,HMGCS1,,CSF1,,IL17RB,,GSK3B,,,,CREBZF,CLIP1,DGKD,CRYGC,CHAMP1,CLEC2B,COL3A1,COL5A1,DACH2,,,CXCR4,CORO1A,COL3A1,COL5A1,CACNB3,MET,RND3,EHD3,EBF1,CSF1R,CLDN9,CREB3L2,FBH1,DBF4
CD69,,HSD17B7,,CSF2,,IL18R1,,HRAS,,,,CYBB,CLIP2,DIP2C,CST3,CHEK1,CR1,CORIN,COQ2,DBNDD2,,,CYP1A2,CRIP1,CORIN,COQ2,C6,TNFSF18,CCR2,ELF2,EID2,CSF2RB,CLEC3B,CRIM1,FBXL19,DDX46
CDC25B,,IDI1,,CST7,,IL1B,,HSP90B1,,,,CYP2F1,CLIP4,DNAI3,CXXC4,CHIC2,CSNK1D,CORO1A,COQ4,DCAF11,,,CYP3A7,CRTC3,CORO1A,COQ4,CCR3,GNB3,ID1,EML3,EIF1AX,CXCL10,COL18A1,CRYL1,FMNL1,DFFB
CDK2,,JAG1,,CTLA4,,IL1R1,,IL2RG,,,,CYP2U1,COL4A4,DNASE1L3,CYB561,CIDEA,CTC1,CORO2B,CRCP,DCBLD2,,,DCK,CTNNBL1,CORO2B,CRCP,TBC1D8,GABBR2,2010002N04RIK,EPM2AIP1,EIF5,CXCL9,CPE,CSF1R,FURIN,DICER1
CDKN1A,,LDLR,,CTSZ,,IL1R2,,IL4,,,,DAPP1,COMTD1,DPP6,CYBA,CKAP5,CTNND1,CPB1,CRPPA,DLGAP4,,,DDX17,DAAM1,CPB1,CRPPA,IGSF6,TCSTV3,A530099J19RIK,EPO,EMD,CYFIP2,CREB3,CSTF1,FZD10,DLG3
CDKN1B,,LGALS3,,CXCL10,,IL2RA,,IRAK4,,,,DCAF17,CORO1B,DTX1,CYP11B2,CLIC4,CYTH4,CRISP2,CRYBB2,DPY19L3,,,DGKA,DDX60,CRISP2,CRYBB2,FZD6,ALOX15,NKG7,ETS1,ERBIN,CYP17A1,CTNNA1,CXCL2,GET4,DLX5
CFLAR,,LGMN,,CYFIP1,,IL2RG,,ITPR2,,,,DHX35,CPNE5,DUSP6,DENND6B,CTTN,DCTD,CRYBA4,CTTNBP2,DYDC2,,,DTX4,DEK,CRYBA4,CTTNBP2,VCAM1,GATA2,F2R,FAM160A2,ERO1A,DENND5B,CTNND1,CXCR6,GFI1,DMP1
CLU,,LPL,,DCPS,,IL3RA,,LCK,,,,DISP1,CPXM1,EDN1,DERL1,CUL3,DDX60,CRYBB2,CXCL13,ECM1,,,DYNC2H1,DENND5A,CRYBB2,CXCL13,EMILIN2,IGSF9B,EYA2,FAM47E,EXOC4,DNA2,CYP11B1,CYLC1,GIT2,DNASE1L3
CREBBP,,LSS,,DENND5A,,IL4R,,MAP2K3,,,,DNAH17,CRACR2B,EHD4,DHRS9,DAAM1,DGKA,CT55,CYP2E1,EEPD1,,,ENAH,DET1,CT55,CYP2E1,IL18RAP,LMNA,OLFM1,FAM78A,EYA2,DPY19L3,CYP1A1,DCSTAMP,GML,DNM1L
CTH,,MAL2,,DHRS3,,IL6,,MAP2K6,,,,DOLK,CREBL2,ENC1,DYSF,DENND1B,DOCK10,DAZL,DACT3,EMB,,,ENDOD1,DGKA,DAZL,DACT3,IL18R1,RGL3,CCL6,FBXO30,FAF1,DTL,DCAF15,DDX31,GPR83,DRD4
CTNNB1,,MVD,,DRC1,,IL6ST,,MAP3K7,,,,DPM2,CRTAP,FAM126A,EDEM3,DHFR,DPH5,DCUN1D4,DEFB119,ENO2,,,ERC2,DIAPH1,DCUN1D4,DEFB119,IKZF2,PPP1R3B,KLRB1C,FBXO33,FAM183BP,E2F1,DNAJC28,DDX39A,GPR88,E2F5
CYLD,,MVK,,ECM1,,IL7,,MAPK1,,,,DPP6,CRYBG1,FAM53B,EIF2AK3,DPY19L2,DPY19L1P1,DGKI,DLX3,ENSA,,,FAM102A,DLST,DGKI,DLX3,ACE,NAV2,GM11435,FGD3,FARS2,E2F8,DYRK3,DGAT1,GRAMD1B,EFHD2
DAP,,NFIL3,,EEF1AKMT1,,IL9R,,MAPK10,,,,E2F5,CRYGB,FBXW4P1,EIF3J,DTL,DTX3L,DHFRP3,DMTN,EPC2,,,FAM111A,DNAJC11,DHFRP3,DMTN,CXCR2,BCAM,KLRB1B,FHOD1,FBXL17,EAF2,EEF1AKMT3,DHCR7,GRSF1,ELMOD3
DAP3,,NIBAN1,,EMP1,,INHBE,,MAPK8,,,,EBF1,CTSH,FCER2,EIF4E3,EDRF1,DUSP1,EFNB3,DNAJC22,EPN3,,,FBLN1,EIF2D,EFNB3,DNAJC22,HDC,TMOD2,RAB44,GABRP,FCHO2,ECT2,EIF4G3,DOC2A,GSTO1,EPB41L4A
DCN,,NSDHL,,ENO3,,IRF1,,MAPK9,,,,EGLN2,DAAM1,FCRL1,ENKD1,EED,DYRK2,EIF5A2,DNAJC5B,ERBIN,,,FCMR,ELMO1,EIF5A2,DNAJC5B,ADAM23,TCSTV1,GPC4,GGPS1,FGGY,EDEM1,ELMO2,DOP1A,GULOP,EPO
DDIT3,,PCYT2,,ENPP1,,IRF9,,MAPKAP1,,,,ELFN1,DBH-AS1,FDFT1,EVI5L,EIF2D,EFEMP2,EPHA4,DNAJC6,EXOC6,,,FIG4,ESR2,EPHA4,DNAJC6,SLC40A1,RARG,PTGER3,GIMAP6,FNBP1,ELL2,ERC2-IT1,DPF3,H2AC15,ETV4
DFFA,,PDK3,,EOMES,,ITGA4,,MKNK1,,,,ENO4,DCAF17,FIG4,FAM114A1,EIPR1,EMP3,EPHB1,DPEP3,FILIP1L,,,FLNB,EVL,EPHB1,DPEP3,SIGLEC5,CCL9,IL7R,GOLGA1,GDE1,EOMES,ETV5,DPPA4,HACL1,F2R
DIABLO,,PLAUR,,ETFBKMT,,ITGB3,,MKNK2,,,,ERAL1,DCAKD,FNBP1L,FAM8A1,ENPP3,ENC1,FAM124B,DPF3,FKBP6,,,FMO5,EXOSC5,FAM124B,DPF3,CTSG,9130015A21RIK,FADS2,GRAMD1A,GFOD1,FAM120A,FABP4,DUSP6,HIVEP3,FAF1
DNAJA1,,PLSCR1,,ETV4,,JUN,,MYD88,,,,ETNK1,DENND1B,FNBP4,FBH1,ESPL1,ESYT1,FBXL2,DYDC2,FOXF2,,,FRK,EXT2,FBXL2,DYDC2,KCNA2,ME3,OSBPL3,GRAP2,GLCCI1,FAM20B,FAM32A,ELL,HOOK1,FAM102A
DNAJC3,,PMVK,,F2RL2,,LEPR,,NCK1,,,,F11,DGKE,FOXP1,FEZ1,EXOSC1,FAM117A,FLG,EBF4,GDF15,,,FRY,FRAT1,FLG,EBF4,ADM,MS4A2,GPR97,GUCY2EP,GSPT1,FCER1G,FEZ1,ENO1,HSPA4L,FAM107B
DNM1L,,PNRC1,,FAH,,LTB,,NFKBIB,,,,FAM168A,DND1,FOXP1-IT1,FGD5-AS1,FAM106A,FAM160B2,FLT3,EEF1AKNMT,GGT7,,,GARRE1,GCC1,FLT3,EEF1AKNMT,PTPRO,NEUROD4,SNCAIP,IL17RA,GSTT2,FCGR2B,FHL3,ESR1,HTR2C,FAM83H
DPYD,,PPARG,,FAM126B,,LTBR,,NGF,,,,FOXC1,EFHC1,FPGS,FUT10,FBXO30,FCER2,FRZB,EFCAB7,GIT2,,,GCA,GNPDA1,FRZB,EFCAB7,EPB4.1L3,TNFRSF25,SLC7A8,INMT,H3-3B,FCGR3A,FKBP11,ETFDH,ID2,FGFR3
EBP,,S100A11,,FGL2,,MAP3K8,,NOD1,,,,GATA4,EMP3,GALNT2,GABARAPL1,FBXO5,FCGR2C,GABRB3,EFNB2,GLIPR1L2,,,GGA2,HBBP1,GABRB3,EFNB2,ARRDC4,CDKN2B,VOPP1,IQGAP2,HACD2,FGL2,FZD8,EXT1,IKZF2,FKBP4
EGR3,,SC5D,,FLT3LG,,MYD88,,PAK4,,,,GNL2,ENTPD4,GALNT6,GALNT2,FHOD3,FNDC3A,GAGE1,ELN,GNB1,,,GNA14,HCK,GAGE1,ELN,SCIN,PRICKLE1,E2F8,ITGB7,HCLS1,FGR,GABRB2,EXTL1,IL2RB,FOXD4L1
EMP1,,SCD,,FURIN,,OSMR,,PDK1,,,,GP1BB,FAIM,GAS2L1,GCHFR,GABPB1,FXYD5,GDPD3,EPHA5,GOLGA1,,,GOLGA6A,HLA-DQA1,GDPD3,EPHA5,SKINT3,NACC2,KCNJ2,KCNMB3,HDAC1,FIGNL1,GADD45B,FA2H,IRAG2,FOXO4
ENO2,,SEMA3B,,GABARAPL1,,PDGFC,,PFN1,,,,GPCPD1,FAS,GATA2-AS1,GLG1,GAPDH,GABBR1,GHRH,ERF,GOLGA3,,,GSAP,HLA-DRB6,GHRH,ERF,LILRA5,RAB11FIP4,MYCL1,KLF4,HDAC2,FPR1,GDF11,FAM8A1,ITGA9,FPR3
ERBB2,,SQLE,,GADD45B,,PF4,,PIK3R3,,,,GRAMD1A,FGD6,GCA,GMPPB,GCSAM,GALNT2,GJA4,EYA1,GPR107,,,HAO1,HOPX,GJA4,EYA1,FGD4,GNG13,IKZF2,KLHL21,HERPUD1,FZR1,GLS,FBN2,ITIH5,FXR1
ERBB3,,SREBF2,,GALM,,PIK3R5,,PIKFYVE,,,,GUCY1A2,FOLR1,GIPC2,GORASP2,GFPT1,GAPT,GNRHR,F2,HAND2,,,HGSNAT,HOXA5,GNRHR,F2,ITGB5,DRD3,IL18R1,KLHL6,HK2,GAA,GPATCH3,FLT4,ITM2A,FZD1
EREG,,STARD4,,GATA1,,PIM1,,PIN1,,,,HAAO,GCLC,GK,GP1BB,GINS1,GARS1-DT,GOLGA6A,FABP2,HDAC4,,,HHEX,HSF2,GOLGA6A,FABP2,AQP9,SLC30A2,TBC1D4,KRIT1,HSP90AB1,GDA,GPR27,FOSL1,IZUMO1R,FZD4
ETF1,,STX5,,GBP4,,PLA2G2A,,PITX2,,,,HEG1,GFOD1,GNB4,GPAA1,GINS3,GOLGA8A,GRB14,FAM162B,HERPUD2,,,HLA-DMB,IFITM2,GRB14,FAM162B,EMR4,2700054A10RIK,SYTL2,LCK,IDE,GEM,GRAMD4,FSD1,JARID2,GABRA6
F2,,TM7SF2,,GLIPR2,,PTPN1,,PLA2G12A,,,,HEXA,GFPT1,GNG11,GPR35,GLRA1,GPR183,GRM6,FAM163A,HHEX,,,HLA-DOB,IL16,GRM6,FAM163A,PKHD1L1,STK32C,CACNB3,LDLRAP1,INSRR,GNS,GRTP1,FUT8,KCNF1,GCSAM
F2R,,TMEM97,,GPR65,,PTPN11,,PLCB1,,,,HS3ST1,GPR183,GPRC6A,GPX3,GMCL1,GSAP,GSDMB,FAM170B,HOXA11-AS,,,HLA-DPB1,IL24,GSDMB,FAM170B,EHF,TRHR2,CD63,LEF1,IPO5,GPR141,GVINP1,GIMAP5,KCTD12,GDI1
FAS,,TNFRSF12A,,GPR83,,PTPN2,,PLCG1,,,,HTATSF1,GPR34,HECTD4,GSTP1,GNA13,GVINP1,H1-0,FBRSL1,HPS5,,,HSPBAP1,INPP5A,H1-0,FBRSL1,CD300LB,MGAT3,CLEC4A4,LFNG,IREB2,GRN,GYG1,GLRX,KDM4A,GPR37
FASLG,,TP53INP1,,GPX4,,REG1A,,PPP1CA,,,,IMP3,GRAMD1C,HIF3A,H2AC8,GPER1,HERC6,HIPK3,FTCD,HSD11B2,,,IFNA7,INPP5D,HIPK3,FTCD,SLC24A3,GAS7,SLC18A2,LIG4,KDM1A,GZMA,H2AC6,GORASP2,KLB,GPX1
FDXR,,TRIB3,,GSTO1,,SOCS1,,PPP2R1B,,,,IPO8,GRAMD4,HSF5,H2BC5,GRHPR,HES1,HMGA2,GAS8,HSPA1A,,,ING1,IQSEC1,HMGA2,GAS8,LPL,HDC,UBD,LMAN2L,KLF7,GZMB,H2BC10,GP9,KRTAP6-2,HES6
FEZ1,,,,GUCY1B1,,SOCS3,,PRKAA2,,,,KAT8,GSTK1,IFI44,H2BC6,GRPEL2,HEXB,HTR1F,GFM1,IBSP,,,INPP5D,ITPK1,HTR1F,GFM1,PTGER3,PITPNM3,CYP27A1,LTC4S,KMO,H2AC15,H2BC8,GUCY1A2,LPCAT1,HGS
GADD45A,,,,HIPK2,,STAM2,,PRKAG1,,,,KIAA1958,GUCY2C,IGHM,HHIP,GSTA4,HEXD,IFNG,GLB1L,IGFBP2,,,INTS9,ITPKB,IFNG,GLB1L,FAM40B,BEND6,CADM3,MACF1,LARP4,H2BC3,H6PD,H3-3B,LRRK2,HK2
GADD45B,,,,HK2,,STAT1,,PRKAR2A,,,,KIAA2013,HERPUD1,IGLV6-57,HM13,H2AX,HHEX,IL12B,GLUL,IL21,,,IRF8,JADE2,IL12B,GLUL,TRF,HCRTR2,KLRB1F,MAGEE2,LNPEP,HDC,HBEGF,HBE1,LYSMD1,HSD17B11
GCH1,,,,HOPX,,STAT2,,PRKCB,,,,KLC2,HSPA6,IL4R,HR,H2AZ1,HK2,IL1RAPL1,GNAT2,ING4,,,JADE2,JADE3,IL1RAPL1,GNAT2,TREML4,CCL17,TBC1D8,MALAT1,LRRC8D,HMMR,HBS1L,HBEGF,MAN1C1,HSD17B3
GNA15,,,,HUWE1,,STAT3,,PTEN,,,,KRTAP19-5,IER5,IL6,ICAM2,HELLS,HLA-A,IL3RA,GPANK1,ITCH,,,KAT6A,JARID2,IL3RA,GPANK1,CSRP3,TNFSF8,ZFP366,MATK,LRSAM1,IL18RAP,HCRTR1,HOPX,MAP3K2,HSDL2
GPX1,,,,ICOS,,TGFB1,,PTPN11,,,,KYNU,IGHA1,IPO13,IDE,HES6,IFFO2,INA,GPR88,ITGB2,,,KCTD7,KBTBD2,INA,GPR88,PAQR9,KREMEN2,PBX1,MEX3B,LY6D,IL1R2,HEXIM1,HOXB3,MAP4K4,HYOU1
GPX3,,,,IFITM3,,TLR2,,RAC1,,,,LAMA2,IGSF10,KBTBD11,IFI27L1,HMGN3,IFI16,INPP5J,GSTM4,ITGB7,,,KIF13A,KDM4B,INPP5J,GSTM4,ITGAD,TIMP2,ABCA9,MIR15B,MAEA,IL36G,HIF1AN,HOXB6,MAP4K5,IFNA1
GPX4,,,,IFNGR1,,TNF,,RAF1,,,,LENG8,IL2RB,KCNB2,IGHM,HNRNPC,IFIT2,IQCH,HACD3,JAK3,,,KIR2DL2,KDM6A,IQCH,HACD3,CX3CR1,CTTNBP2,IGFBP7,MIR16-2,MCU,IRF8,HMGCS2,HSD17B14,MAPK6,IGFALS
GSN,,,,IGF1R,,TNFRSF12A,,RALB,,,,LINC00612,IL6R,KIAA0040,IGKV3-20,HNRNPD,IFITM3,JPH2,HAPLN3,KDSR,,,KLF7,KLF4,JPH2,HAPLN3,PSTPIP2,KCNJ5,ADAM23,MMP15,MED10,ITPRID2,HOXB1,HSPA1A,MAPKAPK2,INO80C
GSR,,,,IGF2R,,TNFRSF1A,,RIPK1,,,,LRIG2,IMPDH1,LAIR1,IGLV4-3,HRK,IFNGR1,JRK,HBA2,KLHL35,,,KMO,KLHL2,JRK,HBA2,PTGS1,CLEC4N,SCN3A,MS4A2,MED13,KIF11,HOXB5,HSPA5,MARCKS,INTS5
GSTM1,,,,IKZF2,,TNFRSF1B,,RIT1,,,,LRP6,INPP4A,LARS1,IGLV4-60,HSBP1,IL13RA1,KCND3,HOXA7,KLHL6,,,KYAT1,LAT2,KCND3,HOXA7,P2RY1,F830045P16RIK,TAL1,MTARC2,MFN1,KIF15,HSD17B4,HSPA9,MCOLN1,ISL1
GUCY2D,,,,IKZF4,,TNFRSF21,,RPS6KA1,,,,LRRC74A,ITGAM,LCTL,IL17RB,HSPA2,IL16,KIF4A,HOXA9,LASP1,,,LAPTM5,LBH,KIF4A,HOXA9,CSF1R,C1QB,ABHD15,MYH8,MIR301B,KLRC1,HUS1,IDH3G,MIR15B,KAT2A
H1-0,,,,IL10,,TYK2,,RPS6KA3,,,,LUC7L3,ITGB1,LIMS2,ISG20,IGHV5-78,INO80D,KLF3,HPN,LDHD,,,LEPR,MARF1,KLF3,HPN,PTPRM,C1QA,H2-Q10,MYOZ1,MOSPD1,KLRC2,ICAM1,IFT57,MIR592,KCNJ2
HGF,,,,IL10RA,,,,RPTOR,,,,MAF1,ITPRIPL2,LINC00926,ITFG2,ITGB1,IRF1-AS1,KLHL29,HSD11B2,LELP1,,,LINC00474,MCCC2,KLHL29,HSD11B2,DNASE2B,ABRA,SCIN,NKX6-3,MPHOSPH10,KLRC3,IFNA14,IL6R,MIRLET7G,KCNJ4
HMGB2,,,,IL13,,,,SFN,,,,MARCHF1,KCNH2,LINC01141,KLHDC2,KANK2,IRF9,KYAT1,IBSP,LIME1,,,LINC00667,MGRN1,KYAT1,IBSP,ARAP3,ROBO1,CMA1,NLRC3,MPP1,KLRG1,IL12B,IMP3,MYB,KCNU1
HMOX1,,,,IL18R1,,,,SLA,,,,MARF1,KCNMA1,LYL1,LINC00347,KCNN3,ITM2B,LCT,IGLL1,LINC00612,,,LMOD1,MTA1,LCT,IGLL1,MRC1,EPCAM,NPL,NOL4,MPP6,LCN2,IL12RB1,INAVA,NAA35,KL
HSPB1,,,,IL1R2,,,,SLC2A1,,,,MAU2,KCNN4,MAGEE2,LRIG1,KCTD9,ITPK1,LGR5,IL18BP,LMBRD1,,,LRRN2,MTHFSD,LGR5,IL18BP,FAM174B,TUB,QRFP,NSG2,MRE11,LILRB4,IL21,INTS11,NOD1,KPNA6
IER3,,,,IL1RL1,,,,SMAD2,,,,MBD5,KLHL6,MAPK8IP1,LYSMD3,KIF22,JAM3,LIFR,JMJD8,LMNTD2,,,LY86,MYD88,LIFR,JMJD8,MERTK,LIPG,FCER1A,NXPE3,MTMR14,LITAF,IL37,ITFG1,NOTCH1,KRT71
IFITM3,,,,IL2RA,,,,SQSTM1,,,,MED1,KYNU,MARCHF3,MAGEF1,KIF4A,KDM4B,LIG3,KCNK10,LRIG2,,,LYST,MZF1,LIG3,KCNK10,C1QB,IGF1,ANGPT1,OTULINL,MYO1E,LTF,ITIH1,KATNBL1,NR4A1,LENG8
IFNB1,,,,IL2RB,,,,STAT2,,,,MINDY1,LGALS1,MCF2L,MAN1A1,KPNA2,KLF2,LINC00667,KCNK3,LTO1,,,MAB21L2,N6AMT1,LINC00667,KCNK3,IGJ,ACTN1,ALOX5,PARG,MYO9A,MBNL1,IVNS1ABP,KCNC4,NUDT13,LHX9
IFNGR1,,,,IL3RA,,,,TBK1,,,,MINDY2,LMO4,MEGF6,MCEE,LHFPL6,L3MBTL3,LINC01587,KLB,LUM,,,MAGEA12,NAA40,LINC01587,KLB,CADM1,SLC39A4,CEBPA,PARP11,NAV1,MGST1,KIAA0753,KLHL1,OBI1,LRBA
IGF2R,,,,IL4R,,,,THEM4,,,,MRPL38,LPCAT4,MIR600HG,MIR22HG,LIMS1,LAIR1,MACIR,KPNA7,MAP3K20,,,MAPRE2,NDRG3,MACIR,KPNA7,WNT16,ST5,CD200R3,PDE2A,NFKBIZ,MKI67,KLRG1,KLRG1,ORAI2,MDM4
IGFBP6,,,,IRF4,,,,TIAM1,,,,MS4A13,LYPLAL1,MMD,MTMR9LP,LINC00487,LARGE2,MAGEA8,KRT75,MATN1,,,METTL16,NECAP2,MAGEA8,KRT75,C2,NPR2,SYDE2,PECAM1,NIPSNAP3B,MMP9,KRT1,KRT75,PCED1A,MEF2C
IL18,,,,IRF6,,,,TNFRSF1A,,,,MSI2,MAF,MROH6,MYDGF,LMCD1,LHB,MAGEB3,KRT84,MB,,,MFSD13A,NFRKB,MAGEB3,KRT84,ATP1A3,A430093F15RIK,ANXA1,PINK1,NRIP1,MXD1,LMCD1,LAMA5,PFKFB3,MFSD4A
IL1A,,,,IRF8,,,,TRAF2,,,,MTERF3,MGAT4A,MSTN,MYEOV,LMO2,LIMD1,MAPKAPK5-AS1,KRTAP17-1,MCFD2,,,MKRN3,NKRF,MAPKAPK5-AS1,KRTAP17-1,DMXL2,AGBL1,CLEC9A,PLA2R1,OTUD7B,MYO5A,LOXL2,LILRA4,PFKFB4,MLF1
IL1B,,,,ITGA6,,,,TRIB3,,,,MTLN,MPZL1,MTMR1,NDUFB4,MAP2,LINC00205,MCM10,KRTAP3-1,MEIG1,,,MMRN2,NLRP1,MCM10,KRTAP3-1,ABCC3,SLC6A4,1300002K09RIK,PNRC2,PA2G4,NCAPG2,LRRC20,LINC01558,PHACTR2,MME
IL6,,,,ITGAE,,,,TSC2,,,,MYCBP2,MS4A7,MYADM,NEDD9,MASTL,LY6E,MEIS2,LAMTOR1,MMP1,,,MX2,NUDT3,MEIS2,LAMTOR1,CLMN,NYX,,PPM1H,PAIP1,NEB,MAN1B1,LIPG,PIK3CD,MMP15
IRF1,,,,ITGAV,,,,UBE2D3,,,,MYH8,MUC20,NCF1C,OAF,MBD2,LYL1,MFAP3L,LELP1,MOG,,,NCOA1,OXLD1,MFAP3L,LELP1,IFITM6,FCGR4,,PPM1M,PASK,NF1,MAP3K6,MAGEB3,PLCG1,MPL
ISG20,,,,ITIH5,,,,UBE2N,,,,NCOR2,NAAA,NEB,OSTC,MCM2,LYST,MGC4859,LEMD1,MOS,,,NEIL3,P2RY14,MGC4859,LEMD1,B4GALT6,RTN4RL1,,PPP1R3F,PAX5,NLRC5,MAPK12,MAPK13,PLSCR1,MPZL2
JUN,,,,KLF6,,,,VAV3,,,,NEDD9,NAB1,NEIL1,P4HA2,MCM3,MACF1,MIR600HG,LHX5,MRPL9,,,NFATC1,PARP12,MIR600HG,LHX5,RAB3B,OLFML3,,PRKCQ,PHF6,NOD1,MAPK13,MICA,PTK2B,MSH3
KRT18,,,,LCLAT1,,,,YWHAB,,,,NELFB,NABP1,NFATC3,PAPSS1,MCM4,MAML2,MMP26,LRRC1,MSI1,,,NOTCH2,PARP8,MMP26,LRRC1,PERP,CLSTN3,,PRKD2,PHYH,NOTCH1,MC1R,MIR22HG,PTPN12,MSH6
LEF1,,,,LIF,,,,,,,,NFE2L2,NEK6,NIBAN3,PCTP,MCRS1,MAN2B1,MOCOS,LTB4R2,MTMR3,,,NXPE4,PBX3,MOCOS,LTB4R2,FCER1G,GM9899,,PSIP1,PIK3AP1,NOTCH2,MDFIC,MKNK1,PTPN23,MTFR1L
LGALS3,,,,LRIG1,,,,,,,,NLRP10,NFIL3,NMBR,PDIA5,MET,MAP3K1,MORC1,MARCHF4,MYCL,,,OBI1,PCDH8,MORC1,MARCHF4,,ART3,,PTPN18,PLCXD2,NRP1,MEAF6,MMRN2,PTTG1IP,MTMR10
LMNA,,,,LRRC8C,,,,,,,,NXPE3,NOL4L,NSUN5,PHGDH,MGST2,MARCHF3,MYCT1,MC3R,MYO9B,,,OCA2,PCDHGC3,MYCT1,MC3R,,ESPN,,PYHIN1,PLD4,NSL1,MICALL2,MON1B,PUS3,MYF5
LUM,,,,LTB,,,,,,,,OSBPL7,NSD2,NUDT12,PI16,MIXL1,MAX,MYEF2,MDH2,NBR1,,,OR7A17,PEX26,MYEF2,MDH2,,CX3CL1,,RAB27B,PLEKHA7,NUAK2,MYCNOS,MRPL49,RAB13,MYH14
MADD,,,,MAFF,,,,,,,,OSCP1,OSBPL10,OGFRL1,PLK5,MND1,MIR600HG,NAT8B,MEST,NEB,,,PAMR1,PFDN5,NAT8B,MEST,,CTLA4,,RANBP6,PLIN2,NUP210,NEDD4L,MST1R,RABL3,MYLK
MCL1,,,,MAP3K8,,,,,,,,OTOG,OSBPL3,OLFM2,PPCDC,MPHOSPH9,MLLT6,NAV3,MORN2,NEK9,,,PAX5,PIBF1,NAV3,MORN2,,,,RFXAP,PLK2,OSBPL3,NOL4,MTMR11,RANBP3L,NANOG
MGMT,,,,MAP6,,,,,,,,OTUD5,P2RY12,P2RX1,PRDX4,MRPS27,MOB3B,NCKAP1,MOS,NFATC3,,,PER2,PIGA,NCKAP1,MOS,,,,RIT1,POLD4,PDE8A,NPHP4,MTNR1B,REPS1,NDUFB3
MMP2,,,,MAPKAPK2,,,,,,,,PAF1,PAG1,PARP14,PREB,MYH10,MSN,NDST3,MROH3P,NISCH,,,PFDN5,PIGZ,NDST3,MROH3P,,,,RMND5A,POLR2M,PFKFB3,NSMF,MYBPC1,RFC1,NR1I3
NEDD9,,,,MUC1,,,,,,,,PBXIP1,PAPSS1,PCDH12,PRKAR1B,NAA38,MST1L,NEB,MXRA8,NME8,,,PGGHG,PIKFYVE,NEB,MXRA8,,,,S1PR1,PPARG,PHLPP2,NUP43,MYDGF,RGS16,NREP
NEFH,,,,MXD1,,,,,,,,PDCD2,PARP4,PCDH9,PRKRA,NCAPD3,MYO1F,NELFA,MYH7,NPC1,,,PIK3CD,PLAG1,NELFA,MYH7,,,,SAP18,PPP3CA,PIK3AP1,OMD,MYLK,RGS3,NUP85
PAK1,,,,MYC,,,,,,,,PDE4DIP,PARPBP,PDE7B,PSAT1,NCAPG2,MYO7B,NES,MZB1,OAZ2,,,PKIA,PLS3,NES,MZB1,,,,SCAI,PRKCH,PIK3CG,OPCML,NAA38,RNF149,OPN1SW
PDCD4,,,,MYO1C,,,,,,,,PFDN5,PASK,PEAK1,PSMC2,NDC1,N4BP2L1,NPHS2,NAT8,ODF1,,,PKIG,PMS2P2,NPHS2,NAT8,,,,SCGB3A1,PRRX2,PLCG2,P4HA2,NCK2,RNF2,OXSM
PDGFRB,,,,MYO1E,,,,,,,,PGAP1,PDE4D,PELI3,PTP4A2,NDUFA12,NBPF10,NQO1,NDUFAF4,ORMDL3,,,PLA1A,PPM1F,NQO1,NDUFAF4,,,,SELENOP,PTP4A1,PLK1,PCID2,NDNF,RSF1,PABPN1
PEA15,,,,NCOA3,,,,,,,,PID1,PHACTR2,PKP4,PTPN23,NPR2,NOTCH2,NTRK2,NDUFB9,P2RY2,,,PLEC,PRAMEF10,NTRK2,NDUFB9,,,,SELL,RAB5A,PLXNB2,PELO,NELFCD,SBK2,PAK3
PLAT,,,,NCS1,,,,,,,,PIGP,PIK3R6,PLCD4,PTPRS,NSD2,NR4A2,NXPH4,NDUFS6,PAK6,,,PLSCR2,PRKX,NXPH4,NDUFS6,,,,SENP2,RABGAP1L,PML,PGAP4,NEU1,SBNO2,PAQR7
PLCB2,,,,NDRG1,,,,,,,,PIK3CA,PLEK,PLEKHA1,RAB5A,OAZ1,NT5E,OR7A5,NMI,PAN2,,,POLD4,PTPN18,OR7A5,NMI,,,,SFXN2,RAD51B,PON3,PGM5,NFYA,SENP7,PCSK6
PLPPR4,,,,NFIL3,,,,,,,,PIK3R1,PLP2,PLEKHA2,RANBP9,PABPC4,OPN3,OR7E36P,NNMT,PBX2,,,PPBPP2,PTPRG,OR7E36P,NNMT,,,,SHD,RETREG1,POU2F2,PHF3,NGB,SERP1,PDE1A
PMAIP1,,,,NFKBIZ,,,,,,,,PKN1,POU2AF1,PMS2P1,RAPGEF2,PANK1,PARP10,OVOL2,NRG1,PHF8,,,PRRG1,PTPRK,OVOL2,NRG1,,,,SLC15A5,RFT1,PRC1,PHLDA2,NINJ2,SGPP2,PEX14
PPP2R5B,,,,NOP2,,,,,,,,POLR3E,POU6F1,PNPLA7,RASSF8-AS1,PARN,PARP9,PALLD,NT5DC3,PI4KA,,,PSTPIP2,PXDC1,PALLD,NT5DC3,,,,SLC17A8,RFWD3,PREX1,PLAUR,NOVA2,SH3YL1,PIGR
PPP3R1,,,,NRP1,,,,,,,,POLR3F,PRKACB,PPARD,RGS2,PCBP2,PATL2,PCDHB12,OAZ1,PINK1,,,PTGS1,QRSL1,PCDHB12,OAZ1,,,,SLC25A45,RGS1,PRR11,PLEKHF1,NSUN5,SHISAL2B,PIK3CD
PPT1,,,,NT5E,,,,,,,,POU5F2,PRKCH,PPP1R26-AS1,RLN3,PCNA,PDE4B,PCSK1,OSR1,PIP4P1,,,PWAR5,RAB11FIP1,PCSK1,OSR1,,,,SLC28A2,RHOC,PRRC2A,PLEKHO1,NTRK2,SKI,PLA2G5
PRF1,,,,ODC1,,,,,,,,PPP1R18,PRKCI,PRKCE,RNGTT,PEG10,PECAM1,PDZK1,OTOA,PLA2G4C,,,RADX,RAB5B,PDZK1,OTOA,,,,SLC35C1,RLIM,PTAFR,PML,NUDT6,SLC13A4,PLCG2
PSEN1,,,,P2RX4,,,,,,,,PRCP,PTAFR,PSCA,RPL23AP53,PFKM,PLCB2,PDZRN4,PDE3B,PLCD4,,,RASGRF1,RABGAP1,PDZRN4,PDE3B,,,,SLC35G1,RNF125,PTPN9,POLL,OSBPL7,SLC9B2,PLEKHA5
PSEN2,,,,P4HA1,,,,,,,,PRR23A,PTCH1,PSME4,RPS27L,PHF19,PLEKHA1,PLCB3,PNMA3,PLCL1,,,RBFOX2,RAP2C,PLCB3,PNMA3,,,,SLC39A6,RNF4,PXN,PON3,P2RY14,SMC2,PLXND1
PTK2,,,,PDCD2L,,,,,,,,PSME2,RAB25,PTPRE,SCN4A,PITPNC1,PLEKHO1,PLK4,PNMT,PLXNB2,,,RECK,RASSF2,PLK4,PNMT,,,,SLC44A4,RPL18,PYGL,POU3F1,P3H2,SMC6,POLA1
RARA,,,,PENK,,,,,,,,PTPRCAP,RAD17,PTPRK,SEC23B,PLEK,PLOD3,PMF1,POLR2F,PMM1,,,RETREG1,RBCK1,PMF1,POLR2F,,,,SMC4,RSF1,RAB31,PPARD,PADI1,SMPD3,POM121
RELA,,,,PHLDA1,,,,,,,,PTPRN,RALGPS1,PXT1,SEC24A,PLK1,PLP2,PPP1R13L,POMP,PNISR,,,RFX5,RBM38,PPP1R13L,POMP,,,,SNTB1,RUNDC3B,RALGAPA2,PPP3CA,PAIP1,SPAG1,PRKCQ
RETSAT,,,,PHTF2,,,,,,,,PUS3,RASSF6,RABEP2,SEC61G,PMS2P11,PMEPA1,PTPN21,POU5F1,PSTPIP1,,,RGS7,RCL1,PTPN21,POU5F1,,,,SPOPL,SAMSN1,RAP1GAP2,PPP6R3,PCID2,SPAG17,PRR5
RHOB,,,,PIM1,,,,,,,,RAB26,RDX,RAPGEF6,SEC63,POU2AF1,PNRC1,PTPRJ,PRKRIP1,PTBP2,,,RNF44,REPIN1,PTPRJ,PRKRIP1,,,,SRPK1,SCAF11,RAPGEF5,PRDM13,PDZD2,SSBP3,PRSS8
RHOT2,,,,PLAGL1,,,,,,,,RAB6A,RIC8B,RBM5,SERPINB10,PRDX3,PRKD2,RAI14,PROCR,PTPRF,,,RPL11,RNF220,RAI14,PROCR,,,,ST8SIA6,SDF4,RASSF4,PRKCH,PEA15,ST3GAL4,PSCA
RNASEL,,,,PLEC,,,,,,,,RBMX,RNASE4,RC3H1,SETDB2,PRELID3B,PRR12,RASGRF1,PRR16,RAB3GAP2,,,RPL13A,RPL10,RASGRF1,PRR16,,,,STK38,SEC63,RBM47,PRMT2,PITPNA,ST8SIA1,PSMD5
ROCK1,,,,PLIN2,,,,,,,,RETREG3,RNF19B,RFTN1,SFTPD,PRKDC,PSMB9,RASSF9,PRRT4,RABEP2,,,RPL17,RPL30,RASSF9,PRRT4,,,,TBC1D23,SENP7,RNF216,PRR5,PLCB1,STAT5B,PTGDS
SAT1,,,,PLPP1,,,,,,,,REXO4,RNGTT,RFX4,SGK1,PRPF38A,PSTPIP1,RBMS2,PSD3,RAD52,,,RPL26,RPL41,RBMS2,PSD3,,,,TECPR1,SLA,S100A6,PSMD3,PLEKHF1,SUZ12,PTK2
SATB1,,,,PLSCR1,,,,,,,,RFTN2,ROBO3,RGL2,SHB,PRPSAP2,RAB37,RDX,PTDSS1,RANBP10,,,RPL27,RPS11,RDX,PTDSS1,,,,TENT5C,SLAMF1,S100A9,PSTPIP1,PPIH,SWAP70,PTK2B
SC5D,,,,PNP,,,,,,,,RLF,RORA,RNASE6,SIL1,PSIP1,RBMS1,RIMS1,PTGDR2,RANBP9,,,RPL30,RPS12,RIMS1,PTGDR2,,,,TLR3,SLC25A36,S1PR5,PTK6,PRR7,SYPL1,PTRH2
SLC20A1,,,,POU2F1,,,,,,,,RNF216,RPL23,ROPN1,SLC16A14,PSMD10,RGS19,RPRM,RFX2,RAPGEF6,,,RPL32,RPS18,RPRM,RFX2,,,,TMEM119,SLC27A2,SAMHD1,PTK7,PRSS2,SYT11,RAB10
SMAD7,,,,PRAF2,,,,,,,,RNPEPL1,SAMSN1,ROR1,SLC1A5,PXMP4,RHOF,RPS16,RNF183,RBM10,,,RPL39,RUNX3,RPS16,RNF183,,,,TMEM170A,SLC43A3,SEC61G,PTP4A2,PRSS8,TAF5,RAB5B
SOD1,,,,PRKCH,,,,,,,,RPL18A,SCGB2A2,RP9P,SLC26A1,RAB30-DT,RIN3,RUNX2,RPL13,RBM18,,,RPS12,SATB1,RUNX2,RPL13,,,,TMEM18,SLMAP,SEMA7A,RAB17,PRTN3,TBX1,RAD50
SOD2,,,,PRNP,,,,,,,,RPL37A,SCPEP1,S1PR1,SLC35B1,RABGAP1,RNF44,SCGB1D1,RPL3L,RELCH,,,RPS20,SCAF4,SCGB1D1,RPL3L,,,,TMEM71,SMARCE1,SKAP2,RAB5B,PSG4,TGFBR3,RAI2
SPTAN1,,,,PTCH1,,,,,,,,RPS15A,SDR16C5,SATB1,SLC39A8,RAD21,ROR1,SCGN,RPN1,RENBP,,,RPS23,SCN3A,SCGN,RPN1,,,,TRIB2,SMS,SLC15A3,RAG1,PSMD11,TNFRSF4,RARA
SQSTM1,,,,PTGER2,,,,,,,,RPS19,SERPINA9,SCN3B,SLC43A1,RAD54L,RP9P,SEMA6D,RPS16,RFX5,,,RUFY2,SEPTIN9,SEMA6D,RPS16,,,,TSC22D3,SPATA6,SLC16A6,RANBP3,PTH2R,TNFRSF9,RASGRP2
TAP1,,,,PTH1R,,,,,,,,RPS25,SHISA8,SH3BP2,SLC45A4,RAPGEF5,RPL27,SEZ6L,RRH,RHOF,,,SACS,SIK3,SEZ6L,RRH,,,,TTPA,SRP72,SLC43A1,RAPGEF6,PYGO1,TNFSF9,RGCC
TGFB2,,,,PTRH2,,,,,,,,RSRC2,SINHCAF,SLA,SMC5-AS1,RBM17,RPL30,SLAMF1,RRN3,RNF145,,,SCARA3,SLC25A36,SLAMF1,RRN3,,,,TUT7,STAG1,SLC66A3,RBM47,RAB33B,TNIK,RGS3
TGFBR3,,,,PUS1,,,,,,,,SAFB,SLC16A6,SLC25A15,SMPDL3B,RFC4,RPL7A,SLC6A6,SERPINA1,S1PR4,,,SERPINE2,SLC25A37,SLC6A6,SERPINA1,,,,UGGT2,STC2,SLPI,RHOF,RAD1,TNIP2,RPP14
TIMP1,,,,RABGAP1L,,,,,,,,SAFB2,SLC22A18,SLC25A53,SPACA9,RFX7,RPS6KA5,SLCO1B3,SIX3,S1PR5,,,SFTPB,SMIM14,SLCO1B3,SIX3,,,,USP28,STRN3,SMPDL3B,SBF1,RANGRF,TOP2A,RYR2
TIMP2,,,,RGS16,,,,,,,,SCAF8,SLC27A3,SLC38A1,SPCS1,RNFT2,RPSA,SLCO1C1,SLC22A12,SASH3,,,SLC46A3,SNX10,SLCO1C1,SLC22A12,,,,VAPB,STX12,SNX9,SEMA3C,RMDN3,TRIM9,SELENBP1
TIMP3,,,,RHOB,,,,,,,,SCML4,SLC27A4,SLC38A7,SPCS3,RNGTT,RXRA,SNAI2,SLC22A17,SATL1,,,SLC4A4,SNX17,SNAI2,SLC22A17,,,,VIPR1,SYPL1,SRGAP2,SERPINA2,RNF126,TSC22D2,SEMA3F
TNF,,,,RHOH,,,,,,,,SCYL2,SLC2A1,SLC39A8,SRPRA,ROCK2,SAP30L-AS1,SNAP91,SLC24A2,SEC14L1,,,SLC4A7,SNX29P2,SNAP91,SLC24A2,,,,WNT9B,TCF4,SSH1,SERPINB13,ROBO1,TTC3,SGO1
TNFRSF12A,,,,RNH1,,,,,,,,SELENOO,SLC35D1,SLC8A2,SSR1,ROMO1,SELL,SNRPN,SLC25A41,SERPINF1,,,SLCO1A2,SOS2,SNRPN,SLC25A41,,,,ZC3HAV1,TEX2,STAT1,SERPINF1,RPH3AL,UGGT1,SH3BGR
TNFSF10,,,,RORA,,,,,,,,SENP8,SLC35D2,SLITRK3,ST6GAL1,RPA1,SETD1B,SNTG2,SLC34A3,SHISA4,,,SOBP,SPAG7,SNTG2,SLC34A3,,,,,TGS1,STIL,SETMAR,RTF2,URI1,SH3GL2
TOP2A,,,,RRAGD,,,,,,,,SFSWAP,SLC66A3,SMIM10,STARD5,RSU1,SETX,SORBS2,SLC35B1,SLC15A2,,,SORD,SPG11,SORBS2,SLC35B1,,,,,THEMIS2,TBX21,SIT1,SAMD4A,UTF1,SKA2
TSPO,,,,S100A1,,,,,,,,SGCA,SLC9B2,SPATA3-AS1,STOML1,SAMHD1,SHFL,SOX30,SLC36A1,SLC27A5,,,SP110,SPOUT1,SOX30,SLC36A1,,,,,TIA1,TEP1,SLC17A2,SEMG1,XCL1,SLC1A2
TXNIP,,,,SCN9A,,,,,,,,SKAP2,SMARCB1,SPTLC2,STX5,SEC61B,SHISAL2A,SPAG11B,SLCO2B1,SLC30A4,,,SPN,ST3GAL5,SPAG11B,SLCO2B1,,,,,TJAP1,TGFBI,SLC39A1,SERPINA4,XKRX,SLC27A1
VDAC2,,,,SELL,,,,,,,,SLAMF8,SMCO4,SRBD1,SWT1,SEMA4A,SKI,SPC25,SMIM1,SMAD5,,,SPP1,STAT5B,SPC25,SMIM1,,,,,TMEM168,TIFA,SMAD4,SERPINE1,ZFP37,SLC30A1
WEE1,,,,SELP,,,,,,,,SLC13A1,SMIM14,STRBP,SYNE2,SEPTIN2,SLC12A6,SPRING1,SMOC1,SMARCA2,,,STAG3,TARBP1,SPRING1,SMOC1,,,,,TMEM192,TLN1,SMC5,SERPING1,ZNF318,SLC35G6
XIAP,,,,SERPINB6,,,,,,,,SLC25A38,SND1,SWT1,TARS3,SERPINA9,SLC18B1,STAG3L4,SNX22,SMO,,,STAP1,TBC1D13,STAG3L4,SNX22,,,,,TMEM35A,TLR9,SMG6,SH2D1A,ZNRF1,SLC39A4
,,,,SERPINC1,,,,,,,,SLC38A7,SNHG32,TBC1D22B,TCEAL9,SLBP,SLC25A24,STMN3,SOHLH2,SMPD5,,,STRADA,TDRD7,STMN3,SOHLH2,,,,,TNFRSF18,TOP2A,SMG9,SIGMAR1,ZRANB1,SLC39A6
,,,,SH3BGRL2,,,,,,,,SLC39A7,SPAG5-AS1,TCL1A,TECR,SLC25A15,SLC25A30,STS,STK4,SOX15,,,SYNGR3,TGFBR2,STS,STK4,,,,,TOM1,TPX2,SMOX,SLC22A4,,SLC52A2
,,,,SHE,,,,,,,,SMN1,SRGN,TCL1B,THAP3,SLC2A5,SLC39A10,SVIL,STRA8,SPHK1,,,SYNPO,TIMM22,SVIL,STRA8,,,,,TRIM40,TRIM34,SMURF2,SLC2A1,,SLC7A9
,,,,SLC1A5,,,,,,,,SNHG10,SSPN,TDRD12,TLX1,SLCO3A1,SLC66A2,SYN2,TAC3,SPINK2,,,SYT11,TMEM185B,SYN2,TAC3,,,,,TRMT2B,TRIP13,SNX17,SLC5A4,,SLC8A1
,,,,SLC29A2,,,,,,,,SNORD104,STK38L,TENT5A,TMED9,SMARCB1,SNX18,SYNE3,TEX19,SRGAP2,,,TCF7,TMX4,SYNE3,TEX19,,,,,TRPC4AP,TTC7B,SOCS5,SLC9A1,,SNTB1
,,,,SLC2A3,,,,,,,,SNX29,SYBU,TENT5C,TMEM184B,SMC2,SPRY1,SYNJ1,TFF2,STK32B,,,TCFL5,TNFRSF10B,SYNJ1,TFF2,,,,,TUBB2A,UBE2J1,SS18L1,SLCO3A1,,SNX12
,,,,SLC39A8,,,,,,,,SSBP1,TARBP1,TFAM,TMEM208,SNX30,STAT1,SYT11,THOC6,STOML1,,,TEAD1,TNFSF13,SYT11,THOC6,,,,,TXNIP,VCL,SSH1,SNRNP40,,SOCS3
,,,,SMPDL3A,,,,,,,,ST3GAL1,TBC1D9,TFF1,TMEM214,SOX9,TGFB1,TAS2R9,TIGAR,STX5,,,TFAP2A,TNFSF9,TAS2R9,TIGAR,,,,,UBFD1,WEE1,SYNGR4,TBC1D31,,SOX13
,,,,SNX14,,,,,,,,STAT1,TBK1,TM6SF1,TMEM39A,SPRING1,TGFBR2,TNIK,TLE2,SUGP1,,,THRA,TP53TG1,TNIK,TLE2,,,,,UNK,XDH,SYNJ1,TCN2,,SOX5
,,,,SNX9,,,,,,,,STAT6,TESC,TMEM71,TMEM88,SRP9,TMEM150A,TRGV5,TLX3,TAF1B,,,TMEM151B,TPT1,TRGV5,TLX3,,,,,VAMP4,YBX3,SYTL2,TDO2,,SOX6
,,,,SOCS1,,,,,,,,STMP1,TEX9,TPST1,TNNT2,SUGCT,TNFSF12,TRIM36,TMEM132A,TCF25,,,TMEM8B,TRAF3IP2,TRIM36,TMEM132A,,,,,VIPAS39,ZBP1,TEX11,TEF,,SPINT1
,,,,SOCS2,,,,,,,,STOML3,TIGD3,TRAK1,TP53I3,SYNE2,TOP1MT,TRIM58,TMEM161A,TERF2IP,,,TNFSF12,TRBC1,TRIM58,TMEM161A,,,,,WDR36,ZEB2,TGFBR2,TEK,,SPRYD7
,,,,SPP1,,,,,,,,STRN4,TMEM14A,TREML2,TPD52,SYVN1,TRIM38,TSC22D3,TMEM190,TFAP2D,,,TNK2,TRDMT1,TSC22D3,TMEM190,,,,,XBP1,,TGIF1,TEKT2,,SRPK2
,,,,SPRED2,,,,,,,,TARS1,TMEM59,TRIM17,TPP2,TCL6,TRIM44,USP9Y,TMIE,TGFBR2,,,TRAF5,TRIM13,USP9Y,TMIE,,,,,YPEL5,,TGM5,TENM1,,STC1
,,,,SPRY4,,,,,,,,TBC1D1,TMEM65,TRMT61A,TRAM2-AS1,TDP1,TRMT61A,VAX2,TNFRSF14,THAP1,,,TSPAN1,TSGA10,VAX2,TNFRSF14,,,,,YTHDF1,,THEG,TFE3,,STIL
,,,,ST3GAL4,,,,,,,,TEX264,TNFSF11,TSPAN13,TSC1,TEC,TSPYL1,VGLL3,TNFRSF21,TK2,,,UBQLN3,TTC27,VGLL3,TNFRSF21,,,,,ZBTB10,,TIPRL,THRAP3,,STK24
,,,,SWAP70,,,,,,,,THBS3,TRAC,TTC39B,TSPAN1,TERF2IP,TXNIP,VIPR2,TPGS2,TLX3,,,USB1,UPF1,VIPR2,TPGS2,,,,,ZC3H14,,TLK2,TLR3,,SYPL2
,,,,SYNGR2,,,,,,,,TMEM222,TRAF1,USF3,TSPAN4,TIFA,UBE2W,WDHD1,TPM3,TMEM167B,,,USP29,USP24,WDHD1,TPM3,,,,,,,TLN1,TMCO1,,SYT3
,,,,SYT11,,,,,,,,TMEM86B,TRERF1,WDR19,TXNDC15,TMEM106C,UST,WDR76,TRAPPC6B,TMEM176B,,,UST,USP39,WDR76,TRAPPC6B,,,,,,,TMEM186,TMEM30B,,TARDBP
,,,,TGM2,,,,,,,,TMOD4,TSC22D1,WFDC21P,UAP1,TNFSF8,VAV3,ZBED2,TRIM6,TNFRSF13B,,,UTRN,VCL,ZBED2,TRIM6,,,,,,,TMEM38B,TMEM51,,TCL1A
,,,,TIAM1,,,,,,,,TNRC6A,TWSG1,XIRP1,UBA5,TOP1,VPS13C,ZFPM2,TRMT44,TNIP2,,,VAV3,VPS8,ZFPM2,TRMT44,,,,,,,TMX4,TRPV6,,TECTA
,,,,TLR7,,,,,,,,TOMM34,UBE2G1,XYLT1,UBXN10,TUBB3,VPS37B,ZNF154,TRPA1,TOR2A,,,WT1,VSIG10,ZNF154,TRPA1,,,,,,,TNFRSF1A,TSPAN15,,TENT5A
,,,,TNFRSF18,,,,,,,,TREML1,UNC50,YBX3,UGGT2,TXNDC16,YPEL2,ZNF155,TSHZ2,TPST2,,,WWP2,WASF2,ZNF155,TSHZ2,,,,,,,TNNC1,TVP23B,,TET1
,,,,TNFRSF1B,,,,,,,,TRIM7,VAMP1,ZBTB10,USP32,TYMS,ZBP1,ZNF395,TSPAN18,TRMT9B,,,YPEL1,WDR19,ZNF395,TSPAN18,,,,,,,TRAF3IP1,UFD1,,TLL1
,,,,TNFRSF21,,,,,,,,TRMT1,VIM,ZBTB39,VAT1,UBAP2,ZBTB10,ZNF440,TTYH1,UBA5,,,ZBTB18,WDR91,ZNF440,TTYH1,,,,,,,TRAPPC2,UGGT1,,TMEM150A
,,,,TNFRSF4,,,,,,,,TUT4,VPS37A,ZCCHC18,VRTN,UBE2C,ZBTB18,ZNF444,TULP2,UBXN6,,,ZCWPW1,WNT6,ZNF444,TULP2,,,,,,,TRAT1,ULBP2,,TNFSF10
,,,,TNFRSF8,,,,,,,,UBALD2,WEE1,ZNF107,WDR45,UBE2G1,ZFP2,ZNF446,U2AF1,UNKL,,,ZFP36L1,ZEB2,ZNF446,U2AF1,,,,,,,TRIM52,URM1,,TNNC1
,,,,TNFRSF9,,,,,,,,UBE3C,ZBTB20,ZNF418,YPEL1,UBR5,ZMYND11,ZNF473,UPK1B,UPF2,,,ZNF202,ZFP37,ZNF473,UPK1B,,,,,,,TSPAN14,VKORC1,,TRDMT1
,,,,TNFSF10,,,,,,,,UROS,ZCCHC4,ZNF488,ZKSCAN2,UHRF1,ZNF274,ZNF507,USP13,UVRAG,,,ZNF211,ZFYVE26,ZNF507,USP13,,,,,,,TUFT1,WASF3,,TTC7B
,,,,TNFSF11,,,,,,,,VPS8,ZDHHC13,ZNF629,ZMYND10,USP32P2,ZNF337,ZNF606,VCAM1,VIM,,,ZNF23,ZNF136,ZNF606,VCAM1,,,,,,,UEVLD,WSB2,,TYR
,,,,TRAF1,,,,,,,,WDFY2,ZNF185,ZNF667-AS1,ZSWIM6,VEZT,ZNF41,ZPBP,VIPR2,VIPAS39,,,ZNF286A,ZNF23,ZPBP,VIPR2,,,,,,,UGT2B17,XRCC2,,UCHL1
,,,,TTC39B,,,,,,,,ZC3H11A,ZNF565,ZNF736,,VRK1,ZNF419,,VPS33B,VMP1,,,ZNF329,ZNF264,,VPS33B,,,,,,,VPREB3,YES1,,UGT2B10
,,,,TWSG1,,,,,,,,ZFP36L2,,ZSCAN18,,YWHAE,ZNF559,,VRK1,VPS39,,,ZNF337,ZNF430,,VRK1,,,,,,,WDR45B,ZBBX,,UHMK1
,,,,UCK2,,,,,,,,ZMAT1,,,,ZFAND4,ZNF862,,WNT9B,VRK3,,,ZNF345,ZNF573,,WNT9B,,,,,,,WNT11,ZBTB16,,UROS
,,,,UMPS,,,,,,,,ZNF385C,,,,ZNF141,ZSCAN18,,XPO7,ZFP82,,,ZNF532,ZNF589,,XPO7,,,,,,,ZBED2,ZNF205,,USP34
,,,,WLS,,,,,,,,ZNF638,,,,ZNF215,,,YTHDC1,ZKSCAN5,,,ZNF573,ZNF665,,YTHDC1,,,,,,,ZNF234,,,VAMP1
,,,,XBP1,,,,,,,,ZNF655,,,,ZW10,,,ZNF474,ZNF341,,,,ZNF93,,ZNF474,,,,,,,ZNF710,,,WNT5B
,,,,,,,,,,,,ZPR1,,,,,,,ZNF658,ZNF692,,,,,,ZNF658,,,,,,,,,,ZIK1
,,,,,,,,,,,,ZUP1,,,,,,,ZSCAN5B,ZNF708,,,,,,ZSCAN5B,,,,,,,,,,ZW10